<?xml version="1.0" encoding="utf-8"?>
<Cidades>
     <cidade nHabtitantes="Barcelona">1636762.0</cidade>
     <cidade nHabtitantes="Braga">181919.0</cidade>
     <cidade nHabtitantes="Coimbra">133724.0</cidade>
     <cidade nHabtitantes="Lisboa">15</cidade>
     <cidade nHabtitantes="Lyon">522969.0</cidade>
     <cidade nHabtitantes="Oslo">560484.0</cidade>
     <cidade nHabtitantes="Paris">2165423.0</cidade>
     <cidade nHabtitantes="Porto">215284.0</cidade>
     <cidade nHabtitantes="Sevilha">688592.0</cidade>
</Cidades>
